gene,importance
blaCMY-2,0.236083488
blaCTX-M-15,0.091322284
gyrA_S83L,0.048652083
dfrA17,0.046494231
parC_S80I,0.046319441
aadA5,0.031402414
blaCTX-M-27,0.03005788
blaTEM-1,0.028248649
emrD,0.025797363
blaCMY,0.024148607
blaCTX-M-1,0.022739468
gyrA_D87N,0.022407555
mph(A),0.021198824
catB3,0.021159788
parE_S458A,0.018942689
sul2,0.018402157
parC_E84V,0.017806969
aac(6')-Ib-cr5,0.017742316
qnrS1,0.01374475
tet(B),0.013168466
