gene,importance
blaCMY-2,0.23608348790121064
blaCTX-M-15,0.09132228388568249
gyrA_S83L,0.04865208312646666
dfrA17,0.04649423059783061
parC_S80I,0.046319440718363386
aadA5,0.03140241420919338
blaCTX-M-27,0.030057879996968344
blaTEM-1,0.02824864949012123
emrD,0.025797363248915392
blaCMY,0.024148607074451985
blaCTX-M-1,0.022739468392226337
gyrA_D87N,0.022407555403224422
mph(A),0.021198824300507717
catB3,0.02115978824912884
parE_S458A,0.018942688642989067
sul2,0.01840215721793043
parC_E84V,0.0178069690045092
aac(6')-Ib-cr5,0.017742316469123158
qnrS1,0.013744750429055623
tet(B),0.01316846622990394
